time,wind_speed_ms,wind_direction
2025-09-24 00:00:00,2.1,188.0
2025-09-24 00:10:00,1.9,180.0
2025-09-24 00:20:00,1.9,184.0
2025-09-24 00:30:00,1.9,188.0
2025-09-24 00:40:00,2.1,190.0
2025-09-24 00:50:00,1.9,189.0
2025-09-24 01:00:00,1.8,196.0
2025-09-24 01:10:00,1.9,186.0
2025-09-24 01:20:00,1.9,182.0
2025-09-24 01:30:00,2.3,173.0
2025-09-24 01:40:00,2.6,175.0
2025-09-24 01:50:00,2.8,170.0
2025-09-24 02:00:00,2.9,180.0
2025-09-24 02:10:00,2.7,177.0
2025-09-24 02:20:00,3.0,175.0
2025-09-24 02:30:00,2.9,176.0
2025-09-24 02:40:00,3.2,172.0
2025-09-24 02:50:00,2.8,177.0
2025-09-24 03:00:00,3.2,176.0
2025-09-24 03:10:00,2.9,171.0
2025-09-24 03:20:00,2.6,175.0
2025-09-24 03:30:00,2.6,171.0
2025-09-24 03:40:00,2.5,172.0
2025-09-24 03:50:00,2.3,172.0
2025-09-24 04:00:00,4.3,170.0
2025-09-24 04:10:00,,
2025-09-24 04:20:00,2.1,143.0
2025-09-24 04:30:00,2.2,156.0
2025-09-24 04:40:00,3.1,160.0
2025-09-24 04:50:00,3.8,165.0
2025-09-24 05:00:00,4.0,165.0
2025-09-24 05:10:00,4.0,166.0
2025-09-24 05:20:00,3.5,169.0
2025-09-24 05:30:00,3.4,176.0
2025-09-24 05:40:00,3.2,184.0
2025-09-24 05:50:00,2.9,190.0
2025-09-24 06:00:00,3.1,186.0
2025-09-24 06:10:00,3.0,185.0
2025-09-24 06:20:00,2.8,183.0
2025-09-24 06:30:00,2.4,189.0
2025-09-24 06:40:00,2.1,183.0
2025-09-24 06:50:00,2.3,184.0
2025-09-24 07:00:00,2.4,173.0
2025-09-24 07:10:00,2.0,174.0
2025-09-24 07:20:00,2.2,170.0
2025-09-24 07:30:00,2.3,175.0
2025-09-24 07:40:00,2.5,170.0
2025-09-24 07:50:00,2.5,170.0
2025-09-24 08:00:00,2.3,172.0
2025-09-24 08:10:00,1.9,184.0
2025-09-24 08:20:00,2.2,188.0
2025-09-24 08:30:00,2.4,185.0
2025-09-24 08:40:00,2.9,200.0
2025-09-24 08:50:00,2.4,204.0
2025-09-24 09:00:00,2.6,213.0
2025-09-24 09:10:00,2.3,201.0
2025-09-24 09:20:00,2.0,194.0
2025-09-24 09:30:00,1.5,197.0
2025-09-24 09:40:00,1.9,191.0
2025-09-24 09:50:00,1.9,196.0
2025-09-24 10:00:00,2.2,195.0
2025-09-24 10:10:00,2.3,188.0
2025-09-24 10:20:00,3.2,182.0
2025-09-24 10:30:00,3.5,174.0
2025-09-24 10:40:00,3.4,168.0
2025-09-24 10:50:00,2.9,165.0
2025-09-24 11:00:00,2.3,166.0
2025-09-24 11:10:00,2.1,156.0
2025-09-24 11:20:00,2.9,170.0
2025-09-24 11:30:00,2.5,169.0
2025-09-24 11:40:00,2.1,169.0
2025-09-24 11:50:00,1.5,179.0
2025-09-24 12:00:00,1.4,201.0
2025-09-24 12:10:00,1.7,212.0
2025-09-24 12:20:00,1.4,246.0
2025-09-24 12:30:00,1.3,256.0
2025-09-24 12:40:00,1.3,252.0
2025-09-24 12:50:00,0.5,256.0
2025-09-24 13:00:00,0.5,232.0
2025-09-24 13:10:00,0.7,188.0
2025-09-24 13:20:00,0.5,173.0
2025-09-24 13:30:00,0.4,189.0
2025-09-24 13:40:00,0.5,223.0
2025-09-24 13:50:00,0.3,224.0
2025-09-24 14:00:00,0.5,208.0
2025-09-24 14:10:00,0.5,242.0
2025-09-24 14:20:00,0.2,353.0
2025-09-24 14:30:00,0.2,48.0
2025-09-24 14:40:00,0.2,123.0
2025-09-24 14:50:00,0.2,95.0
2025-09-24 15:00:00,0.6,156.0
2025-09-24 15:10:00,0.3,164.0
2025-09-24 15:20:00,0.2,183.0
2025-09-24 15:30:00,0.1,318.0
2025-09-24 15:40:00,0.3,66.0
2025-09-24 15:50:00,0.6,203.0
2025-09-24 16:00:00,0.7,205.0
2025-09-24 16:10:00,0.1,296.0
2025-09-24 16:20:00,0.2,314.0
2025-09-24 16:30:00,0.3,279.0
2025-09-24 16:40:00,0.2,286.0
2025-09-24 16:50:00,0.7,12.0
2025-09-24 17:00:00,0.1,104.0
2025-09-24 17:10:00,0.8,347.0
2025-09-24 17:20:00,1.0,353.0
2025-09-24 17:30:00,0.8,19.0
2025-09-24 17:40:00,0.7,30.0
2025-09-24 17:50:00,0.6,41.0
2025-09-24 18:00:00,0.4,31.0
2025-09-24 18:10:00,0.3,127.0
2025-09-24 18:20:00,1.2,77.0
2025-09-24 18:30:00,0.7,49.0
2025-09-24 18:40:00,0.3,64.0
2025-09-24 18:50:00,0.7,92.0
2025-09-24 19:00:00,0.6,57.0
2025-09-24 19:10:00,0.7,40.0
2025-09-24 19:20:00,0.6,53.0
2025-09-24 19:30:00,0.8,99.0
2025-09-24 19:40:00,0.3,34.0
2025-09-24 19:50:00,1.5,64.0
2025-09-24 20:00:00,1.4,58.0
2025-09-24 20:10:00,1.7,65.0
2025-09-24 20:20:00,1.8,56.0
2025-09-24 20:30:00,1.9,61.0
2025-09-24 20:40:00,1.7,54.0
2025-09-24 20:50:00,1.9,62.0
2025-09-24 21:00:00,1.2,41.0
2025-09-24 21:10:00,1.8,39.0
2025-09-24 21:20:00,2.6,38.0
2025-09-24 21:30:00,2.9,52.0
2025-09-24 21:40:00,2.9,56.0
2025-09-24 21:50:00,3.0,46.0
2025-09-24 22:00:00,2.6,48.0
2025-09-24 22:10:00,2.2,58.0
2025-09-24 22:20:00,2.4,54.0
2025-09-24 22:30:00,3.0,49.0
2025-09-24 22:40:00,3.3,60.0
2025-09-24 22:50:00,3.5,56.0
2025-09-24 23:00:00,3.4,60.0
2025-09-24 23:10:00,3.5,66.0
2025-09-24 23:20:00,4.1,60.0
2025-09-24 23:30:00,4.0,87.0
2025-09-24 23:40:00,2.2,67.0
2025-09-24 23:50:00,4.1,83.0
2025-09-25 00:00:00,4.4,66.0
2025-09-25 00:10:00,3.5,68.0
2025-09-25 00:20:00,4.0,91.0
2025-09-25 00:30:00,2.9,93.0
2025-09-25 00:40:00,4.0,72.0
2025-09-25 00:50:00,3.8,78.0
2025-09-25 01:00:00,4.3,83.0
2025-09-25 01:10:00,4.1,84.0
2025-09-25 01:20:00,4.2,75.0
2025-09-25 01:30:00,4.6,72.0
2025-09-25 01:40:00,4.0,76.0
2025-09-25 01:50:00,4.4,99.0
2025-09-25 02:00:00,4.8,101.0
2025-09-25 02:10:00,4.4,97.0
2025-09-25 02:20:00,4.0,97.0
2025-09-25 02:30:00,4.2,102.0
2025-09-25 02:40:00,4.0,101.0
2025-09-25 02:50:00,3.6,96.0
2025-09-25 03:00:00,3.6,96.0
2025-09-25 03:10:00,3.3,90.0
2025-09-25 03:20:00,3.0,96.0
2025-09-25 03:30:00,2.9,109.0
2025-09-25 03:40:00,3.2,109.0
2025-09-25 03:50:00,3.4,116.0
2025-09-25 04:00:00,3.1,123.0
2025-09-25 04:10:00,3.3,117.0
2025-09-25 04:20:00,3.0,103.0
2025-09-25 04:30:00,2.8,100.0
2025-09-25 04:40:00,2.7,115.0
2025-09-25 04:50:00,2.9,111.0
2025-09-25 05:00:00,3.1,115.0
2025-09-25 05:10:00,2.6,118.0
2025-09-25 05:20:00,2.2,116.0
2025-09-25 05:30:00,2.5,115.0
2025-09-25 05:40:00,2.3,113.0
2025-09-25 05:50:00,2.3,94.0
2025-09-25 06:00:00,2.2,107.0
2025-09-25 06:10:00,2.2,102.0
2025-09-25 06:20:00,2.6,101.0
2025-09-25 06:30:00,2.3,108.0
2025-09-25 06:40:00,2.3,112.0
2025-09-25 06:50:00,2.1,103.0
2025-09-25 07:00:00,2.2,97.0
2025-09-25 07:10:00,2.0,99.0
2025-09-25 07:20:00,2.1,90.0
2025-09-25 07:30:00,2.1,109.0
2025-09-25 07:40:00,2.1,117.0
2025-09-25 07:50:00,1.6,115.0
2025-09-25 08:00:00,1.6,169.0
2025-09-25 08:10:00,1.9,231.0
2025-09-25 08:20:00,1.1,172.0
2025-09-25 08:30:00,1.2,195.0
2025-09-25 08:40:00,1.4,139.0
2025-09-25 08:50:00,1.6,101.0
2025-09-25 09:00:00,2.1,95.0
2025-09-25 09:10:00,2.2,88.0
2025-09-25 09:20:00,2.2,99.0
2025-09-25 09:30:00,2.7,117.0
2025-09-25 09:40:00,1.5,94.0
2025-09-25 09:50:00,0.6,261.0
2025-09-25 10:00:00,1.9,244.0
2025-09-25 10:10:00,1.5,244.0
2025-09-25 10:20:00,0.9,246.0
2025-09-25 10:30:00,0.7,277.0
2025-09-25 10:40:00,0.9,310.0
2025-09-25 10:50:00,1.8,325.0
2025-09-25 11:00:00,4.8,326.0
2025-09-25 11:10:00,3.6,301.0
2025-09-25 11:20:00,1.8,285.0
2025-09-25 11:30:00,1.5,116.0
2025-09-25 11:40:00,2.1,118.0
2025-09-25 11:50:00,2.0,107.0
2025-09-25 12:00:00,1.2,112.0
2025-09-25 12:10:00,1.6,92.0
2025-09-25 12:20:00,1.7,71.0
2025-09-25 12:30:00,3.6,43.0
2025-09-25 12:40:00,3.8,66.0
2025-09-25 12:50:00,3.2,70.0
2025-09-25 13:00:00,2.3,86.0
2025-09-25 13:10:00,1.4,92.0
2025-09-25 13:20:00,0.9,86.0
2025-09-25 13:30:00,0.3,51.0
2025-09-25 13:40:00,0.2,46.0
2025-09-25 13:50:00,0.0,222.0
2025-09-25 14:00:00,0.3,63.0
2025-09-25 14:10:00,2.9,29.0
2025-09-25 14:20:00,3.7,30.0
2025-09-25 14:30:00,3.6,36.0
2025-09-25 14:40:00,3.1,32.0
2025-09-25 14:50:00,3.2,35.0
2025-09-25 15:00:00,3.3,38.0
2025-09-25 15:10:00,3.1,39.0
2025-09-25 15:20:00,3.4,44.0
2025-09-25 15:30:00,3.6,46.0
2025-09-25 15:40:00,3.4,50.0
2025-09-25 15:50:00,3.6,52.0
2025-09-25 16:00:00,3.6,62.0
2025-09-25 16:10:00,3.9,50.0
2025-09-25 16:20:00,4.3,62.0
2025-09-25 16:30:00,4.6,55.0
2025-09-25 16:40:00,5.2,49.0
2025-09-25 16:50:00,4.9,57.0
2025-09-25 17:00:00,5.3,51.0
2025-09-25 17:10:00,4.9,55.0
2025-09-25 17:20:00,4.5,62.0
2025-09-25 17:30:00,4.9,61.0
2025-09-25 17:40:00,5.1,62.0
2025-09-25 17:50:00,4.7,66.0
2025-09-25 18:00:00,4.7,66.0
2025-09-25 18:10:00,4.8,66.0
2025-09-25 18:20:00,4.4,63.0
2025-09-25 18:30:00,4.6,65.0
2025-09-25 18:40:00,4.7,65.0
2025-09-25 18:50:00,4.4,69.0
2025-09-25 19:00:00,4.8,71.0
2025-09-25 19:10:00,5.0,65.0
2025-09-25 19:20:00,5.0,63.0
2025-09-25 19:30:00,4.9,70.0
2025-09-25 19:40:00,5.5,69.0
2025-09-25 19:50:00,5.6,75.0
2025-09-25 20:00:00,5.1,71.0
2025-09-25 20:10:00,5.0,63.0
2025-09-25 20:20:00,4.9,61.0
2025-09-25 20:30:00,5.0,63.0
2025-09-25 20:40:00,5.0,63.0
2025-09-25 20:50:00,5.3,60.0
2025-09-25 21:00:00,5.2,62.0
2025-09-25 21:10:00,5.1,61.0
2025-09-25 21:20:00,5.2,66.0
2025-09-25 21:30:00,5.3,57.0
2025-09-25 21:40:00,5.2,66.0
2025-09-25 21:50:00,5.4,65.0
2025-09-25 22:00:00,5.7,67.0
2025-09-25 22:10:00,6.0,62.0
2025-09-25 22:20:00,6.1,58.0
2025-09-25 22:30:00,6.4,56.0
2025-09-25 22:40:00,6.6,54.0
2025-09-25 22:50:00,6.7,59.0
2025-09-25 23:00:00,6.4,60.0
2025-09-25 23:10:00,6.2,57.0
2025-09-25 23:20:00,5.7,57.0
2025-09-25 23:30:00,5.9,57.0
2025-09-25 23:40:00,6.0,53.0
2025-09-25 23:50:00,5.8,58.0
2025-09-26 00:00:00,6.3,57.0
2025-09-26 00:10:00,6.2,56.0
2025-09-26 00:20:00,6.0,56.0
2025-09-26 00:30:00,6.1,52.0
2025-09-26 00:40:00,6.4,54.0
2025-09-26 00:50:00,6.5,54.0
2025-09-26 01:00:00,6.4,50.0
2025-09-26 01:10:00,6.7,50.0
2025-09-26 01:20:00,6.5,53.0
2025-09-26 01:30:00,6.7,50.0
2025-09-26 01:40:00,6.5,51.0
2025-09-26 01:50:00,6.9,54.0
2025-09-26 02:00:00,6.7,56.0
2025-09-26 02:10:00,6.5,54.0
2025-09-26 02:20:00,6.6,55.0
2025-09-26 02:30:00,6.3,53.0
2025-09-26 02:40:00,6.2,55.0
2025-09-26 02:50:00,6.0,56.0
2025-09-26 03:00:00,5.8,63.0
2025-09-26 03:10:00,5.5,64.0
2025-09-26 03:20:00,5.9,57.0
2025-09-26 03:30:00,5.8,64.0
2025-09-26 03:40:00,5.6,64.0
2025-09-26 03:50:00,5.6,58.0
2025-09-26 04:00:00,5.6,61.0
2025-09-26 04:10:00,6.1,61.0
2025-09-26 04:20:00,6.0,69.0
2025-09-26 04:30:00,5.9,67.0
2025-09-26 04:40:00,5.4,70.0
2025-09-26 04:50:00,5.3,66.0
2025-09-26 05:00:00,5.8,64.0
2025-09-26 05:10:00,6.5,46.0
2025-09-26 05:20:00,5.9,62.0
2025-09-26 05:30:00,6.0,63.0
2025-09-26 05:40:00,5.8,56.0
2025-09-26 05:50:00,6.1,55.0
2025-09-26 06:00:00,6.0,54.0
2025-09-26 06:10:00,5.7,55.0
2025-09-26 06:20:00,5.5,58.0
2025-09-26 06:30:00,5.6,54.0
2025-09-26 06:40:00,5.6,47.0
2025-09-26 06:50:00,5.6,49.0
2025-09-26 07:00:00,5.7,48.0
2025-09-26 07:10:00,6.0,54.0
2025-09-26 07:20:00,6.0,59.0
2025-09-26 07:30:00,6.2,41.0
2025-09-26 07:40:00,5.3,47.0
2025-09-26 07:50:00,5.1,53.0
2025-09-26 08:00:00,5.5,48.0
2025-09-26 08:10:00,5.4,49.0
2025-09-26 08:20:00,5.2,49.0
2025-09-26 08:30:00,6.2,41.0
2025-09-26 08:40:00,4.9,58.0
2025-09-26 08:50:00,5.8,51.0
2025-09-26 09:00:00,7.1,58.0
2025-09-26 09:10:00,7.1,56.0
2025-09-26 09:20:00,7.2,52.0
2025-09-26 09:30:00,7.5,69.0
2025-09-26 09:40:00,7.4,80.0
2025-09-26 09:50:00,6.6,75.0
2025-09-26 10:00:00,5.6,63.0
2025-09-26 10:10:00,6.4,53.0
2025-09-26 10:20:00,6.7,52.0
2025-09-26 10:30:00,6.7,51.0
2025-09-26 10:40:00,6.6,53.0
2025-09-26 10:50:00,6.6,52.0
2025-09-26 11:00:00,6.5,54.0
2025-09-26 11:10:00,6.5,58.0
2025-09-26 11:20:00,6.3,57.0
2025-09-26 11:30:00,6.4,59.0
2025-09-26 11:40:00,6.6,59.0
2025-09-26 11:50:00,6.2,58.0
2025-09-26 12:00:00,6.3,70.0
2025-09-26 12:10:00,5.9,65.0
2025-09-26 12:20:00,5.6,69.0
2025-09-26 12:30:00,5.5,70.0
2025-09-26 12:40:00,5.4,62.0
2025-09-26 12:50:00,5.4,59.0
2025-09-26 13:00:00,5.5,65.0
2025-09-26 13:10:00,5.7,68.0
2025-09-26 13:20:00,5.9,63.0
2025-09-26 13:30:00,6.0,57.0
2025-09-26 13:40:00,6.3,62.0
2025-09-26 13:50:00,6.3,68.0
2025-09-26 14:00:00,6.1,63.0
2025-09-26 14:10:00,5.7,70.0
2025-09-26 14:20:00,5.8,72.0
2025-09-26 14:30:00,6.2,70.0
2025-09-26 14:40:00,6.0,73.0
2025-09-26 14:50:00,6.0,81.0
2025-09-26 15:00:00,5.9,74.0
2025-09-26 15:10:00,6.1,77.0
2025-09-26 15:20:00,6.0,77.0
2025-09-26 15:30:00,5.8,80.0
2025-09-26 15:40:00,5.7,76.0
2025-09-26 15:50:00,6.0,76.0
2025-09-26 16:00:00,6.0,80.0
2025-09-26 16:10:00,6.2,76.0
2025-09-26 16:20:00,5.9,78.0
2025-09-26 16:30:00,6.5,78.0
2025-09-26 16:40:00,6.2,76.0
2025-09-26 16:50:00,6.5,76.0
2025-09-26 17:00:00,6.0,71.0
2025-09-26 17:10:00,6.0,72.0
2025-09-26 17:20:00,6.0,79.0
2025-09-26 17:30:00,6.2,72.0
2025-09-26 17:40:00,6.0,76.0
2025-09-26 17:50:00,6.2,76.0
2025-09-26 18:00:00,6.5,64.0
2025-09-26 18:10:00,6.3,75.0
2025-09-26 18:20:00,6.1,70.0
2025-09-26 18:30:00,6.3,65.0
2025-09-26 18:40:00,5.7,69.0
2025-09-26 18:50:00,5.8,65.0
2025-09-26 19:00:00,5.9,65.0
2025-09-26 19:10:00,5.6,64.0
2025-09-26 19:20:00,5.4,67.0
2025-09-26 19:30:00,5.4,62.0
2025-09-26 19:40:00,5.9,53.0
2025-09-26 19:50:00,5.9,59.0
2025-09-26 20:00:00,5.8,56.0
2025-09-26 20:10:00,5.8,50.0
2025-09-26 20:20:00,5.8,51.0
2025-09-26 20:30:00,5.7,47.0
2025-09-26 20:40:00,5.9,51.0
2025-09-26 20:50:00,6.1,45.0
2025-09-26 21:00:00,6.2,47.0
2025-09-26 21:10:00,6.5,47.0
2025-09-26 21:20:00,6.7,50.0
2025-09-26 21:30:00,6.6,49.0
2025-09-26 21:40:00,7.3,45.0
2025-09-26 21:50:00,7.1,46.0
2025-09-26 22:00:00,7.0,46.0
2025-09-26 22:10:00,6.9,48.0
2025-09-26 22:20:00,6.6,52.0
2025-09-26 22:30:00,6.4,54.0
2025-09-26 22:40:00,6.8,56.0
2025-09-26 22:50:00,6.6,54.0
2025-09-26 23:00:00,6.7,57.0
2025-09-26 23:10:00,7.0,53.0
2025-09-26 23:20:00,6.7,61.0
2025-09-26 23:30:00,6.6,57.0
2025-09-26 23:40:00,6.7,65.0
2025-09-26 23:50:00,6.9,62.0
2025-09-27 00:00:00,6.9,57.0
2025-09-27 00:10:00,7.3,59.0
2025-09-27 00:20:00,7.4,54.0
2025-09-27 00:30:00,7.1,54.0
2025-09-27 00:40:00,7.3,54.0
2025-09-27 00:50:00,7.3,56.0
2025-09-27 01:00:00,6.9,55.0
2025-09-27 01:10:00,6.9,58.0
2025-09-27 01:20:00,7.0,58.0
2025-09-27 01:30:00,6.4,55.0
2025-09-27 01:40:00,6.9,52.0
2025-09-27 01:50:00,6.8,54.0
2025-09-27 02:00:00,6.7,53.0
2025-09-27 02:10:00,6.7,56.0
2025-09-27 02:20:00,6.1,62.0
2025-09-27 02:30:00,6.2,63.0
2025-09-27 02:40:00,6.2,62.0
2025-09-27 02:50:00,5.9,55.0
2025-09-27 03:00:00,6.1,59.0
2025-09-27 03:10:00,6.1,62.0
2025-09-27 03:20:00,6.0,62.0
2025-09-27 03:30:00,6.2,60.0
2025-09-27 03:40:00,6.3,64.0
2025-09-27 03:50:00,6.2,61.0
2025-09-27 04:00:00,6.6,66.0
2025-09-27 04:10:00,7.2,63.0
2025-09-27 04:20:00,6.8,60.0
2025-09-27 04:30:00,6.3,67.0
2025-09-27 04:40:00,6.6,61.0
2025-09-27 04:50:00,6.5,57.0
2025-09-27 05:00:00,6.9,57.0
2025-09-27 05:10:00,6.9,63.0
2025-09-27 05:20:00,6.7,63.0
2025-09-27 05:30:00,6.7,65.0
2025-09-27 05:40:00,6.2,66.0
2025-09-27 05:50:00,6.2,67.0
2025-09-27 06:00:00,6.4,73.0
2025-09-27 06:10:00,6.4,69.0
2025-09-27 06:20:00,6.3,67.0
2025-09-27 06:30:00,6.5,70.0
2025-09-27 06:40:00,6.8,69.0
2025-09-27 06:50:00,6.5,68.0
2025-09-27 07:00:00,6.7,65.0
2025-09-27 07:10:00,7.0,64.0
2025-09-27 07:20:00,7.1,64.0
2025-09-27 07:30:00,6.9,64.0
2025-09-27 07:40:00,7.4,66.0
2025-09-27 07:50:00,6.9,67.0
2025-09-27 08:00:00,6.8,69.0
2025-09-27 08:10:00,7.0,69.0
2025-09-27 08:20:00,7.4,69.0
2025-09-27 08:30:00,7.3,66.0
2025-09-27 08:40:00,7.3,68.0
2025-09-27 08:50:00,7.2,72.0
2025-09-27 09:00:00,7.0,73.0
2025-09-27 09:10:00,7.2,76.0
2025-09-27 09:20:00,7.3,66.0
2025-09-27 09:30:00,7.5,66.0
2025-09-27 09:40:00,7.4,68.0
2025-09-27 09:50:00,7.4,70.0
2025-09-27 10:00:00,7.5,64.0
2025-09-27 10:10:00,7.5,74.0
2025-09-27 10:20:00,7.4,69.0
2025-09-27 10:30:00,7.1,71.0
2025-09-27 10:40:00,7.7,75.0
2025-09-27 10:50:00,8.0,75.0
2025-09-27 11:00:00,7.7,75.0
2025-09-27 11:10:00,7.6,70.0
2025-09-27 11:20:00,7.8,72.0
2025-09-27 11:30:00,7.8,66.0
2025-09-27 11:40:00,7.7,67.0
2025-09-27 11:50:00,8.5,67.0
2025-09-27 12:00:00,7.8,70.0
2025-09-27 12:10:00,7.7,74.0
2025-09-27 12:20:00,8.2,78.0
2025-09-27 12:30:00,7.9,76.0
2025-09-27 12:40:00,7.8,73.0
2025-09-27 12:50:00,7.7,75.0
2025-09-27 13:00:00,8.0,72.0
2025-09-27 13:10:00,8.0,76.0
2025-09-27 13:20:00,8.3,73.0
2025-09-27 13:30:00,8.0,75.0
2025-09-27 13:40:00,8.1,76.0
2025-09-27 13:50:00,8.2,76.0
2025-09-27 14:00:00,8.0,75.0
2025-09-27 14:10:00,7.8,80.0
2025-09-27 14:20:00,8.0,82.0
2025-09-27 14:30:00,7.9,82.0
2025-09-27 14:40:00,7.9,83.0
2025-09-27 14:50:00,7.8,78.0
2025-09-27 15:00:00,7.9,77.0
2025-09-27 15:10:00,7.8,78.0
2025-09-27 15:20:00,7.5,74.0
2025-09-27 15:30:00,7.7,73.0
2025-09-27 15:40:00,7.2,73.0
2025-09-27 15:50:00,7.5,74.0
2025-09-27 16:00:00,7.2,71.0
2025-09-27 16:10:00,7.2,76.0
2025-09-27 16:20:00,7.1,74.0
2025-09-27 16:30:00,7.4,72.0
2025-09-27 16:40:00,7.4,75.0
2025-09-27 16:50:00,7.0,73.0
2025-09-27 17:00:00,7.2,69.0
2025-09-27 17:10:00,7.7,69.0
2025-09-27 17:20:00,7.6,68.0
2025-09-27 17:30:00,7.7,65.0
2025-09-27 17:40:00,7.7,64.0
2025-09-27 17:50:00,7.7,70.0
2025-09-27 18:00:00,8.0,69.0
2025-09-27 18:10:00,7.8,63.0
2025-09-27 18:20:00,8.1,70.0
2025-09-27 18:30:00,8.0,70.0
2025-09-27 18:40:00,7.5,70.0
2025-09-27 18:50:00,8.0,71.0
2025-09-27 19:00:00,8.0,69.0
2025-09-27 19:10:00,7.8,67.0
2025-09-27 19:20:00,8.1,68.0
2025-09-27 19:30:00,8.2,70.0
2025-09-27 19:40:00,8.0,69.0
2025-09-27 19:50:00,8.4,64.0
2025-09-27 20:00:00,7.8,68.0
2025-09-27 20:10:00,8.1,66.0
2025-09-27 20:20:00,7.9,68.0
2025-09-27 20:30:00,8.0,68.0
2025-09-27 20:40:00,8.3,70.0
2025-09-27 20:50:00,8.6,66.0
2025-09-27 21:00:00,8.4,69.0
2025-09-27 21:10:00,8.6,65.0
2025-09-27 21:20:00,8.3,64.0
2025-09-27 21:30:00,8.7,63.0
2025-09-27 21:40:00,8.4,65.0
2025-09-27 21:50:00,8.8,68.0
2025-09-27 22:00:00,9.0,64.0
2025-09-27 22:10:00,9.0,66.0
2025-09-27 22:20:00,8.9,68.0
2025-09-27 22:30:00,9.3,69.0
2025-09-27 22:40:00,9.3,67.0
2025-09-27 22:50:00,9.2,69.0
2025-09-27 23:00:00,9.1,68.0
2025-09-27 23:10:00,9.2,68.0
2025-09-27 23:20:00,9.3,67.0
2025-09-27 23:30:00,9.4,67.0
2025-09-27 23:40:00,9.2,70.0
2025-09-27 23:50:00,9.4,72.0
2025-09-28 00:00:00,9.2,73.0
2025-09-28 00:10:00,8.9,71.0
2025-09-28 00:20:00,9.7,71.0
2025-09-28 00:30:00,9.5,73.0
2025-09-28 00:40:00,9.5,72.0
2025-09-28 00:50:00,9.5,70.0
2025-09-28 01:00:00,10.1,71.0
2025-09-28 01:10:00,10.1,72.0
2025-09-28 01:20:00,9.1,75.0
2025-09-28 01:30:00,10.1,72.0
2025-09-28 01:40:00,10.2,73.0
2025-09-28 01:50:00,10.3,73.0
2025-09-28 02:00:00,10.5,75.0
2025-09-28 02:10:00,10.2,79.0
2025-09-28 02:20:00,10.7,82.0
2025-09-28 02:30:00,9.5,84.0
2025-09-28 02:40:00,9.1,81.0
2025-09-28 02:50:00,10.0,79.0
2025-09-28 03:00:00,9.9,81.0
2025-09-28 03:10:00,9.9,79.0
2025-09-28 03:20:00,9.4,79.0
2025-09-28 03:30:00,9.7,80.0
2025-09-28 03:40:00,10.1,79.0
2025-09-28 03:50:00,10.0,76.0
2025-09-28 04:00:00,9.5,78.0
2025-09-28 04:10:00,9.5,77.0
2025-09-28 04:20:00,9.8,78.0
2025-09-28 04:30:00,9.6,76.0
2025-09-28 04:40:00,9.3,78.0
2025-09-28 04:50:00,9.7,76.0
2025-09-28 05:00:00,9.6,74.0
2025-09-28 05:10:00,9.8,75.0
2025-09-28 05:20:00,9.6,76.0
2025-09-28 05:30:00,9.9,74.0
2025-09-28 05:40:00,9.8,76.0
2025-09-28 05:50:00,9.5,75.0
2025-09-28 06:00:00,9.7,76.0
2025-09-28 06:10:00,9.4,93.0
2025-09-28 06:20:00,7.8,98.0
2025-09-28 06:30:00,8.3,85.0
2025-09-28 06:40:00,9.7,87.0
2025-09-28 06:50:00,9.1,81.0
2025-09-28 07:00:00,9.0,80.0
2025-09-28 07:10:00,9.2,81.0
2025-09-28 07:20:00,9.4,78.0
2025-09-28 07:30:00,9.1,73.0
2025-09-28 07:40:00,9.8,79.0
2025-09-28 07:50:00,9.9,83.0
2025-09-28 08:00:00,9.6,83.0
2025-09-28 08:10:00,9.3,74.0
2025-09-28 08:20:00,8.9,79.0
2025-09-28 08:30:00,9.4,78.0
2025-09-28 08:40:00,9.9,77.0
2025-09-28 08:50:00,10.4,77.0
2025-09-28 09:00:00,10.5,78.0
2025-09-28 09:10:00,10.9,75.0
2025-09-28 09:20:00,10.8,77.0
2025-09-28 09:30:00,10.7,77.0
2025-09-28 09:40:00,11.0,79.0
2025-09-28 09:50:00,10.6,80.0
2025-09-28 10:00:00,10.1,80.0
2025-09-28 10:10:00,10.1,79.0
2025-09-28 10:20:00,10.2,76.0
2025-09-28 10:30:00,10.8,77.0
2025-09-28 10:40:00,11.2,77.0
2025-09-28 10:50:00,11.3,78.0
2025-09-28 11:00:00,10.5,78.0
2025-09-28 11:10:00,11.2,77.0
2025-09-28 11:20:00,11.8,83.0
2025-09-28 11:30:00,11.7,82.0
2025-09-28 11:40:00,11.3,100.0
2025-09-28 11:50:00,11.9,92.0
2025-09-28 12:00:00,11.6,87.0
2025-09-28 12:10:00,11.2,88.0
2025-09-28 12:20:00,11.8,89.0
2025-09-28 12:30:00,12.4,83.0
2025-09-28 12:40:00,12.0,84.0
2025-09-28 12:50:00,12.5,88.0
2025-09-28 13:00:00,11.8,86.0
2025-09-28 13:10:00,11.3,88.0
2025-09-28 13:20:00,11.5,90.0
2025-09-28 13:30:00,11.7,92.0
2025-09-28 13:40:00,12.1,90.0
2025-09-28 13:50:00,10.9,90.0
2025-09-28 14:00:00,12.3,92.0
2025-09-28 14:10:00,12.1,91.0
2025-09-28 14:20:00,12.4,90.0
2025-09-28 14:30:00,12.5,92.0
2025-09-28 14:40:00,11.6,90.0
2025-09-28 14:50:00,12.0,88.0
2025-09-28 15:00:00,11.7,98.0
2025-09-28 15:10:00,10.4,96.0
2025-09-28 15:20:00,9.8,92.0
2025-09-28 15:30:00,10.6,96.0
2025-09-28 15:40:00,11.6,103.0
2025-09-28 15:50:00,11.1,102.0
2025-09-28 16:00:00,9.8,99.0
2025-09-28 16:10:00,8.9,99.0
2025-09-28 16:20:00,9.7,102.0
2025-09-28 16:30:00,9.6,100.0
2025-09-28 16:40:00,10.6,98.0
2025-09-28 16:50:00,10.5,96.0
2025-09-28 17:00:00,11.4,102.0
2025-09-28 17:10:00,10.6,103.0
2025-09-28 17:20:00,11.3,108.0
2025-09-28 17:30:00,12.5,107.0
2025-09-28 17:40:00,11.5,108.0
2025-09-28 17:50:00,11.4,108.0
2025-09-28 18:00:00,11.4,107.0
2025-09-28 18:10:00,10.9,107.0
2025-09-28 18:20:00,12.6,109.0
2025-09-28 18:30:00,12.2,110.0
2025-09-28 18:40:00,11.7,113.0
2025-09-28 18:50:00,12.9,114.0
2025-09-28 19:00:00,12.3,111.0
2025-09-28 19:10:00,12.1,107.0
2025-09-28 19:20:00,12.0,109.0
2025-09-28 19:30:00,12.0,110.0
2025-09-28 19:40:00,12.8,111.0
2025-09-28 19:50:00,11.8,113.0
2025-09-28 20:00:00,11.9,110.0
2025-09-28 20:10:00,11.4,114.0
2025-09-28 20:20:00,12.2,115.0
2025-09-28 20:30:00,11.2,109.0
2025-09-28 20:40:00,12.1,112.0
2025-09-28 20:50:00,12.0,112.0
2025-09-28 21:00:00,11.0,114.0
2025-09-28 21:10:00,10.9,115.0
2025-09-28 21:20:00,11.1,113.0
2025-09-28 21:30:00,12.0,114.0
2025-09-28 21:40:00,11.5,115.0
2025-09-28 21:50:00,11.2,113.0
2025-09-28 22:00:00,11.7,116.0
2025-09-28 22:10:00,11.0,112.0
2025-09-28 22:20:00,11.0,114.0
2025-09-28 22:30:00,10.5,118.0
2025-09-28 22:40:00,10.7,122.0
2025-09-28 22:50:00,10.3,123.0
2025-09-28 23:00:00,11.2,123.0
2025-09-28 23:10:00,10.4,120.0
2025-09-28 23:20:00,10.8,119.0
2025-09-28 23:30:00,11.2,119.0
2025-09-28 23:40:00,10.2,114.0
2025-09-28 23:50:00,10.3,115.0
2025-09-29 00:00:00,10.9,118.0
2025-09-29 00:10:00,10.4,121.0
2025-09-29 00:20:00,10.4,121.0
2025-09-29 00:30:00,11.2,120.0
2025-09-29 00:40:00,10.6,119.0
2025-09-29 00:50:00,10.0,116.0
2025-09-29 01:00:00,10.5,118.0
2025-09-29 01:10:00,10.6,120.0
2025-09-29 01:20:00,10.2,118.0
2025-09-29 01:30:00,10.8,118.0
2025-09-29 01:40:00,11.0,119.0
2025-09-29 01:50:00,11.2,122.0
2025-09-29 02:00:00,10.6,123.0
2025-09-29 02:10:00,10.9,124.0
2025-09-29 02:20:00,11.3,126.0
2025-09-29 02:30:00,11.3,124.0
2025-09-29 02:40:00,10.7,126.0
2025-09-29 02:50:00,11.7,127.0
2025-09-29 03:00:00,10.5,128.0
2025-09-29 03:10:00,10.9,125.0
2025-09-29 03:20:00,10.4,124.0
2025-09-29 03:30:00,10.2,127.0
2025-09-29 03:40:00,10.4,129.0
2025-09-29 03:50:00,11.1,128.0
2025-09-29 04:00:00,10.3,129.0
2025-09-29 04:10:00,10.7,128.0
2025-09-29 04:20:00,10.8,128.0
2025-09-29 04:30:00,11.0,130.0
2025-09-29 04:40:00,10.9,129.0
2025-09-29 04:50:00,11.2,130.0
2025-09-29 05:00:00,10.6,128.0
2025-09-29 05:10:00,10.5,129.0
2025-09-29 05:20:00,10.2,129.0
2025-09-29 05:30:00,10.1,129.0
2025-09-29 05:40:00,10.7,128.0
2025-09-29 05:50:00,10.7,130.0
2025-09-29 06:00:00,10.4,128.0
2025-09-29 06:10:00,10.6,128.0
2025-09-29 06:20:00,10.9,128.0
2025-09-29 06:30:00,10.9,132.0
2025-09-29 06:40:00,10.7,132.0
2025-09-29 06:50:00,10.4,134.0
2025-09-29 07:00:00,11.5,160.0
2025-09-29 07:10:00,10.6,157.0
2025-09-29 07:20:00,10.4,171.0
2025-09-29 07:30:00,12.8,180.0
2025-09-29 07:40:00,11.2,182.0
2025-09-29 07:50:00,10.0,169.0
2025-09-29 08:00:00,9.6,176.0
2025-09-29 08:10:00,8.0,156.0
2025-09-29 08:20:00,6.9,147.0
2025-09-29 08:30:00,9.1,135.0
2025-09-29 08:40:00,8.3,138.0
2025-09-29 08:50:00,8.0,125.0
2025-09-29 09:00:00,8.5,132.0
2025-09-29 09:10:00,6.1,138.0
2025-09-29 09:20:00,9.5,135.0
2025-09-29 09:30:00,10.2,134.0
2025-09-29 09:40:00,10.1,135.0
2025-09-29 09:50:00,10.1,135.0
2025-09-29 10:00:00,9.7,133.0
2025-09-29 10:10:00,9.3,135.0
2025-09-29 10:20:00,10.0,135.0
2025-09-29 10:30:00,10.0,132.0
2025-09-29 10:40:00,9.6,133.0
2025-09-29 10:50:00,9.5,134.0
2025-09-29 11:00:00,10.0,135.0
2025-09-29 11:10:00,10.4,134.0
2025-09-29 11:20:00,10.2,136.0
2025-09-29 11:30:00,9.7,132.0
2025-09-29 11:40:00,9.6,133.0
2025-09-29 11:50:00,10.3,137.0
2025-09-29 12:00:00,10.1,138.0
2025-09-29 12:10:00,9.7,136.0
2025-09-29 12:20:00,9.9,135.0
2025-09-29 12:30:00,9.0,139.0
2025-09-29 12:40:00,9.6,136.0
2025-09-29 12:50:00,9.6,138.0
2025-09-29 13:00:00,9.7,141.0
2025-09-29 13:10:00,9.7,140.0
2025-09-29 13:20:00,8.8,142.0
2025-09-29 13:30:00,9.9,142.0
2025-09-29 13:40:00,9.5,143.0
2025-09-29 13:50:00,8.7,141.0
2025-09-29 14:00:00,9.3,143.0
2025-09-29 14:10:00,9.1,143.0
2025-09-29 14:20:00,8.8,143.0
2025-09-29 14:30:00,8.9,145.0
2025-09-29 14:40:00,9.3,145.0
2025-09-29 14:50:00,9.1,147.0
2025-09-29 15:00:00,9.0,147.0
2025-09-29 15:10:00,9.1,146.0
2025-09-29 15:20:00,8.8,148.0
2025-09-29 15:30:00,8.4,145.0
2025-09-29 15:40:00,8.6,146.0
2025-09-29 15:50:00,8.4,148.0
2025-09-29 16:00:00,8.1,146.0
2025-09-29 16:10:00,7.7,147.0
2025-09-29 16:20:00,8.1,147.0
2025-09-29 16:30:00,8.7,149.0
2025-09-29 16:40:00,8.3,150.0
2025-09-29 16:50:00,7.8,142.0
2025-09-29 17:00:00,8.1,125.0
2025-09-29 17:10:00,7.6,128.0
2025-09-29 17:20:00,8.0,133.0
2025-09-29 17:30:00,10.0,164.0
2025-09-29 17:40:00,7.8,173.0
2025-09-29 17:50:00,5.2,167.0
2025-09-29 18:00:00,5.8,146.0
2025-09-29 18:10:00,5.8,150.0
2025-09-29 18:20:00,6.1,154.0
2025-09-29 18:30:00,6.9,157.0
2025-09-29 18:40:00,6.9,151.0
2025-09-29 18:50:00,7.1,153.0
2025-09-29 19:00:00,7.2,153.0
2025-09-29 19:10:00,7.6,162.0
2025-09-29 19:20:00,7.8,168.0
2025-09-29 19:30:00,8.1,167.0
2025-09-29 19:40:00,7.6,164.0
2025-09-29 19:50:00,7.3,164.0
2025-09-29 20:00:00,6.8,158.0
2025-09-29 20:10:00,6.9,160.0
2025-09-29 20:20:00,7.1,161.0
2025-09-29 20:30:00,6.8,158.0
2025-09-29 20:40:00,7.0,159.0
2025-09-29 20:50:00,6.5,157.0
2025-09-29 21:00:00,8.2,158.0
2025-09-29 21:10:00,8.7,166.0
2025-09-29 21:20:00,8.3,161.0
2025-09-29 21:30:00,7.1,156.0
2025-09-29 21:40:00,5.7,154.0
2025-09-29 21:50:00,5.5,160.0
2025-09-29 22:00:00,6.0,163.0
2025-09-29 22:10:00,5.6,156.0
2025-09-29 22:20:00,5.9,156.0
2025-09-29 22:30:00,8.2,177.0
2025-09-29 22:40:00,9.8,196.0
2025-09-29 22:50:00,9.8,198.0
2025-09-29 23:00:00,7.6,207.0
2025-09-29 23:10:00,6.1,202.0
2025-09-29 23:20:00,5.9,191.0
2025-09-29 23:30:00,5.5,183.0
2025-09-29 23:40:00,7.2,177.0
2025-09-29 23:50:00,8.6,174.0
2025-09-30 00:00:00,10.0,183.0
2025-09-30 00:10:00,8.4,204.0
2025-09-30 00:20:00,5.6,198.0
2025-09-30 00:30:00,4.6,189.0
2025-09-30 00:40:00,5.6,191.0
2025-09-30 00:50:00,5.3,182.0
2025-09-30 01:00:00,4.3,175.0
2025-09-30 01:10:00,4.4,173.0
2025-09-30 01:20:00,7.7,174.0
2025-09-30 01:30:00,8.8,164.0
2025-09-30 01:40:00,7.8,164.0
2025-09-30 01:50:00,9.0,180.0
2025-09-30 02:00:00,8.9,171.0
2025-09-30 02:10:00,8.4,172.0
2025-09-30 02:20:00,7.1,171.0
2025-09-30 02:30:00,5.0,183.0
2025-09-30 02:40:00,4.3,184.0
2025-09-30 02:50:00,3.3,204.0
2025-09-30 03:00:00,2.8,186.0
2025-09-30 03:10:00,2.6,174.0
2025-09-30 03:20:00,2.7,171.0
2025-09-30 03:30:00,2.5,167.0
2025-09-30 03:40:00,2.9,162.0
2025-09-30 03:50:00,3.2,154.0
2025-09-30 04:00:00,4.7,154.0
2025-09-30 04:10:00,4.8,146.0
2025-09-30 04:20:00,4.7,135.0
2025-09-30 04:30:00,4.5,121.0
2025-09-30 04:40:00,4.2,111.0
2025-09-30 04:50:00,3.7,114.0
2025-09-30 05:00:00,3.8,123.0
2025-09-30 05:10:00,3.8,116.0
2025-09-30 05:20:00,4.4,132.0
2025-09-30 05:30:00,5.3,160.0
2025-09-30 05:40:00,6.2,164.0
2025-09-30 05:50:00,6.8,162.0
2025-09-30 06:00:00,6.9,164.0
2025-09-30 06:10:00,6.5,162.0
2025-09-30 06:20:00,6.5,157.0
2025-09-30 06:30:00,,
2025-09-30 06:40:00,5.9,166.0
2025-09-30 06:50:00,6.7,163.0
2025-09-30 07:00:00,6.6,153.0
2025-09-30 07:10:00,7.3,146.0
2025-09-30 07:20:00,7.0,147.0
2025-09-30 07:30:00,6.6,149.0
2025-09-30 07:40:00,6.3,155.0
2025-09-30 07:50:00,6.4,152.0
2025-09-30 08:00:00,6.2,152.0
2025-09-30 08:10:00,6.2,153.0
2025-09-30 08:20:00,7.0,149.0
2025-09-30 08:30:00,7.0,158.0
2025-09-30 08:40:00,6.7,157.0
2025-09-30 08:50:00,6.9,149.0
2025-09-30 09:00:00,7.0,154.0
2025-09-30 09:10:00,6.9,150.0
2025-09-30 09:20:00,7.0,148.0
2025-09-30 09:30:00,6.7,149.0
2025-09-30 09:40:00,7.2,150.0
2025-09-30 09:50:00,6.8,156.0
2025-09-30 10:00:00,6.7,165.0
2025-09-30 10:10:00,6.6,167.0
2025-09-30 10:20:00,6.6,165.0
2025-09-30 10:30:00,6.7,166.0
2025-09-30 10:40:00,6.4,165.0
2025-09-30 10:50:00,6.1,159.0
2025-09-30 11:00:00,6.3,155.0
2025-09-30 11:10:00,6.3,157.0
2025-09-30 11:20:00,6.2,154.0
2025-09-30 11:30:00,6.3,152.0
2025-09-30 11:40:00,6.4,154.0
2025-09-30 11:50:00,6.4,155.0
2025-09-30 12:00:00,6.9,155.0
2025-09-30 12:10:00,6.7,151.0
2025-09-30 12:20:00,6.3,155.0
2025-09-30 12:30:00,6.6,155.0
2025-09-30 12:40:00,6.4,152.0
2025-09-30 12:50:00,6.6,150.0
2025-09-30 13:00:00,6.8,152.0
2025-09-30 13:10:00,6.8,149.0
2025-09-30 13:20:00,7.2,151.0
2025-09-30 13:30:00,7.1,150.0
2025-09-30 13:40:00,7.2,154.0
2025-09-30 13:50:00,7.1,152.0
2025-09-30 14:00:00,7.2,156.0
2025-09-30 14:10:00,6.6,157.0
2025-09-30 14:20:00,6.5,156.0
2025-09-30 14:30:00,6.3,155.0
2025-09-30 14:40:00,6.5,158.0
2025-09-30 14:50:00,6.7,156.0
2025-09-30 15:00:00,7.2,156.0
2025-09-30 15:10:00,6.9,162.0
2025-09-30 15:20:00,7.3,162.0
2025-09-30 15:30:00,7.0,162.0
2025-09-30 15:40:00,7.1,161.0
2025-09-30 15:50:00,7.5,160.0
2025-09-30 16:00:00,7.4,161.0
2025-09-30 16:10:00,7.0,166.0
2025-09-30 16:20:00,7.3,169.0
2025-09-30 16:30:00,7.4,170.0
2025-09-30 16:40:00,7.4,168.0
2025-09-30 16:50:00,7.1,169.0
2025-09-30 17:00:00,7.4,168.0
2025-09-30 17:10:00,7.6,170.0
2025-09-30 17:20:00,7.4,170.0
2025-09-30 17:30:00,7.6,171.0
2025-09-30 17:40:00,7.7,171.0
2025-09-30 17:50:00,7.4,174.0
2025-09-30 18:00:00,7.5,179.0
2025-09-30 18:10:00,7.6,183.0
2025-09-30 18:20:00,7.5,189.0
2025-09-30 18:30:00,7.3,191.0
2025-09-30 18:40:00,7.2,191.0
2025-09-30 18:50:00,7.6,190.0
2025-09-30 19:00:00,7.3,192.0
2025-09-30 19:10:00,7.6,191.0
2025-09-30 19:20:00,7.5,192.0
2025-09-30 19:30:00,7.2,191.0
2025-09-30 19:40:00,6.8,191.0
2025-09-30 19:50:00,6.5,188.0
2025-09-30 20:00:00,7.1,190.0
2025-09-30 20:10:00,6.8,197.0
2025-09-30 20:20:00,6.2,198.0
2025-09-30 20:30:00,6.4,199.0
2025-09-30 20:40:00,6.2,196.0
2025-09-30 20:50:00,6.3,195.0
2025-09-30 21:00:00,6.7,192.0
2025-09-30 21:10:00,6.4,196.0
2025-09-30 21:20:00,6.6,194.0
2025-09-30 21:30:00,6.3,186.0
2025-09-30 21:40:00,6.3,185.0
2025-09-30 21:50:00,6.7,183.0
2025-09-30 22:00:00,6.0,189.0
2025-09-30 22:10:00,6.2,186.0
2025-09-30 22:20:00,6.3,185.0
2025-09-30 22:30:00,5.9,191.0
2025-09-30 22:40:00,6.4,183.0
2025-09-30 22:50:00,6.1,184.0
2025-09-30 23:00:00,6.2,188.0
2025-09-30 23:10:00,6.0,184.0
2025-09-30 23:20:00,6.3,182.0
2025-09-30 23:30:00,6.1,182.0
2025-09-30 23:40:00,5.9,182.0
2025-09-30 23:50:00,6.6,181.0
2025-10-01 00:00:00,6.6,180.0
2025-10-01 00:10:00,6.7,182.0
2025-10-01 00:20:00,6.7,181.0
2025-10-01 00:30:00,6.6,185.0
2025-10-01 00:40:00,6.6,180.0
2025-10-01 00:50:00,6.3,183.0
2025-10-01 01:00:00,7.1,185.0
2025-10-01 01:10:00,7.0,190.0
2025-10-01 01:20:00,7.0,189.0
2025-10-01 01:30:00,6.9,188.0
2025-10-01 01:40:00,6.7,184.0
2025-10-01 01:50:00,6.7,184.0
2025-10-01 02:00:00,6.4,183.0
2025-10-01 02:10:00,6.6,183.0
2025-10-01 02:20:00,6.4,181.0
2025-10-01 02:30:00,6.4,181.0
2025-10-01 02:40:00,6.8,181.0
2025-10-01 02:50:00,7.2,181.0
2025-10-01 03:00:00,7.3,186.0
2025-10-01 03:10:00,7.3,185.0
2025-10-01 03:20:00,7.3,186.0
2025-10-01 03:30:00,7.5,183.0
2025-10-01 03:40:00,7.5,181.0
2025-10-01 03:50:00,7.8,179.0
2025-10-01 04:00:00,7.7,180.0
2025-10-01 04:10:00,7.6,180.0
2025-10-01 04:20:00,7.7,180.0
2025-10-01 04:30:00,7.5,183.0
2025-10-01 04:40:00,7.2,188.0
2025-10-01 04:50:00,7.9,187.0
2025-10-01 05:00:00,7.6,188.0
2025-10-01 05:10:00,8.3,185.0
2025-10-01 05:20:00,7.9,187.0
2025-10-01 05:30:00,7.3,186.0
2025-10-01 05:40:00,7.5,182.0
2025-10-01 05:50:00,8.1,184.0
2025-10-01 06:00:00,8.1,184.0
2025-10-01 06:10:00,8.0,183.0
2025-10-01 06:20:00,8.2,183.0
2025-10-01 06:30:00,8.2,184.0
2025-10-01 06:40:00,8.0,185.0
2025-10-01 06:50:00,8.2,182.0
2025-10-01 07:00:00,8.1,182.0
2025-10-01 07:10:00,8.1,184.0
2025-10-01 07:20:00,8.0,187.0
2025-10-01 07:30:00,7.9,183.0
2025-10-01 07:40:00,8.1,180.0
2025-10-01 07:50:00,8.3,180.0
2025-10-01 08:00:00,8.1,181.0
2025-10-01 08:10:00,8.4,184.0
2025-10-01 08:20:00,9.0,179.0
2025-10-01 08:30:00,9.3,183.0
2025-10-01 08:40:00,9.1,179.0
2025-10-01 08:50:00,8.6,179.0
2025-10-01 09:00:00,8.6,181.0
2025-10-01 09:10:00,9.0,179.0
2025-10-01 09:20:00,9.5,176.0
2025-10-01 09:30:00,9.2,178.0
2025-10-01 09:40:00,9.4,178.0
2025-10-01 09:50:00,8.8,181.0
2025-10-01 10:00:00,9.7,181.0
2025-10-01 10:10:00,9.5,181.0
2025-10-01 10:20:00,8.9,180.0
2025-10-01 10:30:00,9.3,178.0
2025-10-01 10:40:00,9.2,180.0
2025-10-01 10:50:00,9.4,180.0
2025-10-01 11:00:00,9.9,184.0
2025-10-01 11:10:00,9.6,186.0
2025-10-01 11:20:00,9.2,181.0
2025-10-01 11:30:00,10.1,186.0
2025-10-01 11:40:00,11.4,197.0
2025-10-01 11:50:00,10.4,202.0
2025-10-01 12:00:00,9.2,184.0
2025-10-01 12:10:00,8.8,187.0
2025-10-01 12:20:00,10.2,180.0
2025-10-01 12:30:00,9.5,171.0
2025-10-01 12:40:00,8.8,180.0
2025-10-01 12:50:00,8.8,183.0
2025-10-01 13:00:00,9.9,185.0
2025-10-01 13:10:00,9.7,181.0
2025-10-01 13:20:00,9.6,181.0
2025-10-01 13:30:00,8.6,184.0
2025-10-01 13:40:00,8.5,179.0
2025-10-01 13:50:00,8.6,181.0
2025-10-01 14:00:00,9.4,185.0
2025-10-01 14:10:00,9.2,184.0
2025-10-01 14:20:00,9.3,191.0
2025-10-01 14:30:00,10.4,194.0
2025-10-01 14:40:00,9.7,196.0
2025-10-01 14:50:00,9.7,197.0
2025-10-01 15:00:00,10.0,195.0
2025-10-01 15:10:00,10.2,197.0
2025-10-01 15:20:00,10.3,193.0
2025-10-01 15:30:00,9.8,194.0
2025-10-01 15:40:00,10.2,196.0
2025-10-01 15:50:00,11.0,194.0
2025-10-01 16:00:00,11.1,197.0
2025-10-01 16:10:00,10.7,196.0
2025-10-01 16:20:00,11.2,196.0
2025-10-01 16:30:00,10.7,196.0
2025-10-01 16:40:00,10.7,195.0
2025-10-01 16:50:00,10.9,195.0
2025-10-01 17:00:00,10.7,196.0
2025-10-01 17:10:00,10.5,196.0
2025-10-01 17:20:00,11.1,195.0
2025-10-01 17:30:00,10.8,196.0
2025-10-01 17:40:00,10.9,196.0
2025-10-01 17:50:00,11.8,196.0
2025-10-01 18:00:00,11.3,199.0
2025-10-01 18:10:00,11.3,199.0
2025-10-01 18:20:00,11.1,197.0
2025-10-01 18:30:00,11.4,197.0
2025-10-01 18:40:00,12.0,193.0
2025-10-01 18:50:00,11.6,195.0
2025-10-01 19:00:00,11.9,195.0
2025-10-01 19:10:00,11.4,196.0
2025-10-01 19:20:00,10.7,195.0
2025-10-01 19:30:00,11.3,195.0
2025-10-01 19:40:00,11.5,197.0
2025-10-01 19:50:00,10.9,196.0
2025-10-01 20:00:00,11.1,197.0
2025-10-01 20:10:00,11.2,197.0
2025-10-01 20:20:00,11.4,199.0
2025-10-01 20:30:00,11.5,196.0
2025-10-01 20:40:00,11.4,195.0
2025-10-01 20:50:00,10.7,197.0
2025-10-01 21:00:00,11.0,197.0
2025-10-01 21:10:00,10.9,198.0
2025-10-01 21:20:00,11.2,198.0
2025-10-01 21:30:00,11.4,197.0
2025-10-01 21:40:00,11.1,198.0
2025-10-01 21:50:00,11.0,198.0
2025-10-01 22:00:00,11.5,198.0
2025-10-01 22:10:00,11.2,199.0
2025-10-01 22:20:00,10.8,201.0
2025-10-01 22:30:00,11.4,198.0
2025-10-01 22:40:00,11.5,200.0
2025-10-01 22:50:00,11.6,198.0
2025-10-01 23:00:00,11.6,200.0
2025-10-01 23:10:00,11.2,201.0
2025-10-01 23:20:00,11.3,203.0
2025-10-01 23:30:00,11.4,203.0
2025-10-01 23:40:00,11.7,204.0
2025-10-01 23:50:00,11.6,204.0
